E'\\xE3049E2E6829610F261D9C4D76D2EBF514D321AF0C55F4691210CE850D8F8A22',E'\\x0000000000000000000000000000000000008002',E'\\x0000000000000000000000000000000000000000000000000000000000008002',E'\\x010000771F8452D72E7775AD26ED1C7345E599713A35D7183CE615CDB29F69FE',0,E'\\x0000000000000000000000000000000000000000000000000000000000000000',0,2023-02-14 13:52:18.104630,2023-02-14 13:52:18.104630,0
E'\\xDFE5063F03287AEC1B9B52B110A060F7AF3EFF32916C9A7539E66619624394C5',E'\\x0000000000000000000000000000000000008002',E'\\x0000000000000000000000000000000000000000000000000000000000008003',E'\\x010000FF484F38E5D074EC2A2F1D012662D65AAF63E83DCCD4E569B515565069',1,E'\\x0000000000000000000000000000000000000000000000000000000000000000',0,2023-02-14 13:52:18.104630,2023-02-14 13:52:18.104630,0
E'\\xA2B18D56656163DF336E71BDD142332D42A7AF2F8E25B01573B3A8137FB05988',E'\\x0000000000000000000000000000000000008002',E'\\x0000000000000000000000000000000000000000000000000000000000008004',E'\\x010000678D84AA2F89CCAA2D53C9A701AEF4625FF3ADD1C62EA0B65DC5C19330',2,E'\\x0000000000000000000000000000000000000000000000000000000000000000',0,2023-02-14 13:52:18.104630,2023-02-14 13:52:18.104630,0
E'\\x7A14C28EA6E095AA6D74138F40B776DC1BC443C952796DE5F424CD8FE84A31DF',E'\\x0000000000000000000000000000000000008002',E'\\x0000000000000000000000000000000000000000000000000000000000008005',E'\\x01000043DF3FA3C76D0FF98CAF78D9EA29B8334BCB712095B9CA1C73AAD116F1',3,E'\\x0000000000000000000000000000000000000000000000000000000000000000',0,2023-02-14 13:52:18.104630,2023-02-14 13:52:18.104630,0
E'\\xF811408C7456B259D69D4F4A8CD211485A663772F37D1326EABD0AE9444C2FEE',E'\\x0000000000000000000000000000000000008002',E'\\x0000000000000000000000000000000000000000000000000000000000008006',E'\\x0100034BDAF2937DC27B5F801075A80A0F4511AAA37749FF85B2B5A71EFC8659',4,E'\\x0000000000000000000000000000000000000000000000000000000000000000',0,2023-02-14 13:52:18.104630,2023-02-14 13:52:18.104630,0
E'\\x271906F9820662D5E0AD794CDFE7F516AC144EEC7E414542F8F06FBC2B3977F1',E'\\x0000000000000000000000000000000000008002',E'\\x0000000000000000000000000000000000000000000000000000000000008008',E'\\x0100005BCAC50F052F026AEB17B25CFDDC14C772A14569FC6151EEDCD9C59BCD',5,E'\\x0000000000000000000000000000000000000000000000000000000000000000',0,2023-02-14 13:52:18.104630,2023-02-14 13:52:18.104630,0
E'\\x8C46574ACF170B4B60370633D4768BA289580CEA58F49B2D58A7997E42883645',E'\\x0000000000000000000000000000000000008002',E'\\x0000000000000000000000000000000000000000000000000000000000008009',E'\\x01000089AACDA02918D5EADFCF3FFFA700FC4B4EBC5D39B11AC0588677E42C29',6,E'\\x0000000000000000000000000000000000000000000000000000000000000000',0,2023-02-14 13:52:18.104630,2023-02-14 13:52:18.104630,0
E'\\xB0FAB99564C8D0D16141FCF72BFB40733244AA94865581FA76E5AE030FF6E4F9',E'\\x0000000000000000000000000000000000008002',E'\\x000000000000000000000000000000000000000000000000000000000000800A',E'\\x010000D53C6092F0E0B1EB1EEF181A3F1B9E9A9C348251B5BE9B10C1E3F7B067',7,E'\\x0000000000000000000000000000000000000000000000000000000000000000',0,2023-02-14 13:52:18.104630,2023-02-14 13:52:18.104630,0
E'\\xF082037E1600B9BF16FD7D8E815D9680912128B4D8763A60795E385B73B45EC2',E'\\x0000000000000000000000000000000000008002',E'\\x0000000000000000000000000000000000000000000000000000000000008010',E'\\x01000035EEF477BBC1A894F3191AE73812F5E391E42E8372FD8EA60FA2C38A8A',8,E'\\x0000000000000000000000000000000000000000000000000000000000000000',0,2023-02-14 13:52:18.104630,2023-02-14 13:52:18.104630,0
E'\\x65F891E1F428D2B264C7983F4D7F4615F96A5EA6411DF55455FF1EA4319BA72E',E'\\x0000000000000000000000000000000000008002',E'\\x0000000000000000000000000000000000000000000000000000000000000002',E'\\x01000035F32E820C7625D1DC35AC7D92F14E2774EB3D396B4CDE41B5200BABB2',9,E'\\x0000000000000000000000000000000000000000000000000000000000000000',0,2023-02-14 13:52:18.104630,2023-02-14 13:52:18.104630,0
E'\\x7715A1136F6DC78CDD2011CB8A0F003839C13FE6239CC70539101075C3AD92A7',E'\\x0000000000000000000000000000000000008002',E'\\x0000000000000000000000000000000000000000000000000000000000000001',E'\\x0100002152F5C3069D10954E26186D7880889A7995ED725382D40787618D946B',10,E'\\x0000000000000000000000000000000000000000000000000000000000000000',0,2023-02-14 13:52:18.104630,2023-02-14 13:52:18.104630,0
E'\\x7082A5070A92DE301B251285CCF220D196B8996E73845228509C80D406B4BAEF',E'\\x0000000000000000000000000000000000008002',E'\\x000000000000000000000000000000000000000000000000000000000000800B',E'\\x010000EF543202983746DB4704958E4C38DBF1F5B64767D63DBF81776D30E5F4',11,E'\\x0000000000000000000000000000000000000000000000000000000000000000',0,2023-02-14 13:52:18.104630,2023-02-14 13:52:18.104630,0
E'\\x8986D08EF891ABBD0F8412921E21CCF895DAAE7822A34D7BB584700089DCBE3A',E'\\x0000000000000000000000000000000000008002',E'\\x000000000000000000000000000000000000000000000000000000000000800D',E'\\x0100003F97953C630E34F86DABBCA8C8D6EA0594769C433353D5A6384CEC7605',12,E'\\x0000000000000000000000000000000000000000000000000000000000000000',0,2023-02-14 13:52:18.104630,2023-02-14 13:52:18.104630,0
E'\\xB00810E81D24A6CC8CAE172961D68DD4BE57BEC93B017F95C3C262D67EE56066',E'\\x0000000000000000000000000000000000008002',E'\\x000000000000000000000000000000000000000000000000000000000000800C',E'\\x0100028F95377E9964A2FFEC000DAD72CE753AB764E71C711EBCE04BFC679AF9',13,E'\\x0000000000000000000000000000000000000000000000000000000000000000',0,2023-02-14 13:52:18.104630,2023-02-14 13:52:18.104630,0
E'\\xF703C2ABE67F32AFAD15F6055BAD876EC5F3510C7ED27CC0ADD665DA95B51F21',E'\\x0000000000000000000000000000000000008002',E'\\x0000000000000000000000000000000000000000000000000000000000000000',E'\\x01000009AF75F66924D484F74AFDDB8A50831A6ACF8FF454A549FED4F23F98A9',14,E'\\x0000000000000000000000000000000000000000000000000000000000000000',0,2023-02-14 13:52:18.104630,2023-02-14 13:52:18.104630,0
E'\\xEDCF8C1118026D665C4B7FD8DB9E74EB93860FA675B6173F359A56EC2F353041',E'\\x0000000000000000000000000000000000008002',E'\\x0000000000000000000000000000000000000000000000000000000000008001',E'\\x01000009AF75F66924D484F74AFDDB8A50831A6ACF8FF454A549FED4F23F98A9',15,E'\\x0000000000000000000000000000000000000000000000000000000000000000',0,2023-02-14 13:52:18.104630,2023-02-14 13:52:18.104630,0
E'\\x962E2453589440EBADA96B0321DFFFF0BF670AFE34BA4A828D3342E3F14ED2D9',E'\\x000000000000000000000000000000000000800B',E'\\x0000000000000000000000000000000000000000000000000000000000000000',E'\\x0000000000000000000000000000000000000000000000000000000000000144',16,E'\\x0000000000000000000000000000000000000000000000000000000000000000',0,2023-02-14 13:52:18.104630,2023-02-14 13:52:18.104630,0
E'\\xA74E5F2F3DA68DD923AAD9C0866929591B5E3ED4E4A5A9905940BFD1E419BDA0',E'\\x000000000000000000000000000000000000800B',E'\\x0000000000000000000000000000000000000000000000000000000000000003',E'\\x0000000000000000000000000000000000000000000000000000000040000000',17,E'\\x0000000000000000000000000000000000000000000000000000000000000000',0,2023-02-14 13:52:18.104630,2023-02-14 13:52:18.104630,0
E'\\xA7DEF33A18CBFDE84738024FE73C9DD5B78378B569F4352C80D7766971F31492',E'\\x000000000000000000000000000000000000800B',E'\\x0000000000000000000000000000000000000000000000000000000000000004',E'\\x0000000000000000000000000000000000000000000000000000000000008001',18,E'\\x0000000000000000000000000000000000000000000000000000000000000000',0,2023-02-14 13:52:18.104630,2023-02-14 13:52:18.104630,0
E'\\x21FB231957EC86BA97F8B9827B4A289A8E7C0C11A6A07CE08775AFF6DE1F9087',E'\\x000000000000000000000000000000000000800B',E'\\x0000000000000000000000000000000000000000000000000000000000000005',E'\\x0000000000000000000000000000000000000000000000000008E1BC9BF04000',19,E'\\x0000000000000000000000000000000000000000000000000000000000000000',0,2023-02-14 13:52:18.104630,2023-02-14 13:52:18.104630,0
E'\\x911DD2AD743FF237D411648A0FE32C6D74EEC060716A2A74352F6B1C435B5D67',E'\\x000000000000000000000000000000000000800B',E'\\x5EFF886EA0CE6CA488A3D6E336D6C0F75F46D19B42C06CE5EE98E42C96D256C7',E'\\xBC59C242D551E3939B9B2939B8B686EFA77BA3833183045D548AA5F53357BA95',0,E'\\xE9A1A8601BC9199C80C97169FDC9E1FC7C307185A0C9FA2CFAB04098A7840645',1,2023-02-14 14:22:40.201937,2023-02-14 14:22:40.201937,1
E'\\x123BAFC586F77764488CD24C6A77546E5A0FE8BDFB4FA203CFAFFC36CCE4DD5B',E'\\x000000000000000000000000000000000000800B',E'\\x0000000000000000000000000000000000000000000000000000000000000007',E'\\x0000000000000000000000000000000100000000000000000000000063EB991E',1,E'\\xE9A1A8601BC9199C80C97169FDC9E1FC7C307185A0C9FA2CFAB04098A7840645',1,2023-02-14 14:22:40.201937,2023-02-14 14:22:40.201937,1
E'\\xA25420C1D9D705358C134CC601D9D184CB4DFDDE7E1CAC2BC3D4D38BF9EC44E6',E'\\x000000000000000000000000000000000000800B',E'\\x0000000000000000000000000000000000000000000000000000000000000006',E'\\x000000000000000000000000000000000000000000000000000000001DCD6500',2,E'\\xE9A1A8601BC9199C80C97169FDC9E1FC7C307185A0C9FA2CFAB04098A7840645',1,2023-02-14 14:22:40.201937,2023-02-14 14:22:40.201937,1
E'\\x7803DEE5F869C3FC9CEA8637ED4867435CDCC0868EA4A5488B48AA10F8779A93',E'\\x0000000000000000000000000000000000008004',E'\\x010000553109A66F1432EB2286C54694784D1B6993BC24A168BE0A49B4D0FD45',E'\\x0000000000000000000000000000000000000000000000000000000000000001',3,E'\\xE9A1A8601BC9199C80C97169FDC9E1FC7C307185A0C9FA2CFAB04098A7840645',1,2023-02-14 14:22:40.201937,2023-02-14 14:22:40.201937,1
E'\\xECA475BB01469DF7087C16701933AFB5936587DDB4965EFABB11AE4513C5B84F',E'\\x000000000000000000000000000000000000800B',E'\\x0000000000000000000000000000000000000000000000000000000000000001',E'\\x00000000000000000000000029DF43F75149D0552475A6F9B2AC96E28796ED0B',4,E'\\xE9A1A8601BC9199C80C97169FDC9E1FC7C307185A0C9FA2CFAB04098A7840645',1,2023-02-14 14:22:40.201937,2023-02-14 14:22:40.201937,1
E'\\x444584B4DAEBDFF2BA348CA4DCEC18C2B9B9522C43F2BE99B92D05852E5AC0D8',E'\\x000000000000000000000000000000000000800B',E'\\x0000000000000000000000000000000000000000000000000000000000000002',E'\\x0000000000000000000000000000000000000000000000000000000000000000',5,E'\\xE9A1A8601BC9199C80C97169FDC9E1FC7C307185A0C9FA2CFAB04098A7840645',1,2023-02-14 14:22:40.201937,2023-02-14 14:22:40.201937,1
E'\\x9EE6F0FDDFB8104C8E45FCF668B366B529309DDEC21BADBA44197A5CBB998B40',E'\\x0000000000000000000000000000000000008003',E'\\xF91377AC06BD1A179CE4E793DD127FB7F37A582B418881DAC63AB194BF40D9CD',E'\\x0000000000000000000000000000000100000000000000000000000000000000',6,E'\\xE9A1A8601BC9199C80C97169FDC9E1FC7C307185A0C9FA2CFAB04098A7840645',1,2023-02-14 14:22:40.201937,2023-02-14 14:22:40.201937,1
E'\\x05898637B3A771119C47E28BC6296EF374F35100E94829AE8AEBEE2A7C5596FA',E'\\x0000000000000000000000000000000000008002',E'\\x0000000000000000000000008DFC713D3C52402DC70687AFE58EB90C73EC3982',E'\\x010100553109A66F1432EB2286C54694784D1B6993BC24A168BE0A49B4D0FD45',7,E'\\xE9A1A8601BC9199C80C97169FDC9E1FC7C307185A0C9FA2CFAB04098A7840645',1,2023-02-14 14:22:40.201937,2023-02-14 14:22:40.201937,1
E'\\x00C4E806590A91F76E590B224DDEE6289B38576E36B5FDBDED943F0971B9F9DE',E'\\x0000000000000000000000000000000000008006',E'\\xAE78050FF8E1AADC02C06CDED4A3F68EE23FDFCAF481218E4C09814493BE8BB8',E'\\x0000000000000000000000000000000000000000000000000000000000000000',8,E'\\xE9A1A8601BC9199C80C97169FDC9E1FC7C307185A0C9FA2CFAB04098A7840645',1,2023-02-14 14:22:40.201937,2023-02-14 14:22:40.201937,1
E'\\x00C4E806590A91F76E590B224DDEE6289B38576E36B5FDBDED943F0971B9F9DE',E'\\x0000000000000000000000000000000000008006',E'\\xAE78050FF8E1AADC02C06CDED4A3F68EE23FDFCAF481218E4C09814493BE8BB8',E'\\x0000000000000000000000000000000000000000000000000000000000000000',9,E'\\xE9A1A8601BC9199C80C97169FDC9E1FC7C307185A0C9FA2CFAB04098A7840645',1,2023-02-14 14:22:40.201937,2023-02-14 14:22:40.201937,1
E'\\x05898637B3A771119C47E28BC6296EF374F35100E94829AE8AEBEE2A7C5596FA',E'\\x0000000000000000000000000000000000008002',E'\\x0000000000000000000000008DFC713D3C52402DC70687AFE58EB90C73EC3982',E'\\x010000553109A66F1432EB2286C54694784D1B6993BC24A168BE0A49B4D0FD45',10,E'\\xE9A1A8601BC9199C80C97169FDC9E1FC7C307185A0C9FA2CFAB04098A7840645',1,2023-02-14 14:22:40.201937,2023-02-14 14:22:40.201937,1
E'\\x71E91721F9918576D760F02F03CAC47C6F4003316031848E3C1D99E6E83A4743',E'\\x000000000000000000000000000000000000800A',E'\\x0000000000000000000000000000000000000000000000000000000000000001',E'\\x0000000000000000000000000000000000000000000000000000000000000000',11,E'\\xE9A1A8601BC9199C80C97169FDC9E1FC7C307185A0C9FA2CFAB04098A7840645',1,2023-02-14 14:22:40.201937,2023-02-14 14:22:40.201937,1
E'\\x65AA096A78C7C503C4F10FCE8BB428F05B0C7A9D0F39B2715767C8446AE716E6',E'\\x000000000000000000000000000000000000800A',E'\\xF91377AC06BD1A179CE4E793DD127FB7F37A582B418881DAC63AB194BF40D9CD',E'\\x0000000000000000000000000000000000000000000000000000000000000000',12,E'\\xE9A1A8601BC9199C80C97169FDC9E1FC7C307185A0C9FA2CFAB04098A7840645',1,2023-02-14 14:22:40.201937,2023-02-14 14:22:40.201937,1
E'\\x44E6F554A029B15936637F86288FC0B42004C31E8BAFB19059C110BFBEA600F3',E'\\x0000000000000000000000000000000000008004',E'\\x0100009979EC46148A53897990610EEE987ED2B2498649D890A8B8303CC9A719',E'\\x0000000000000000000000000000000000000000000000000000000000000001',13,E'\\x0817B7B518DF03A0F6A35E3E9A36A074FD26D31FF5C59AC8A59DCC5ED6093F71',1,2023-02-14 14:22:40.201937,2023-02-14 14:22:40.201937,1
E'\\x483AA91424131AE7469B50BF00831C3F159E6D89EF82380CBCB9E2C34C74E013',E'\\x0000000000000000000000000000000000008004',E'\\x0100033FD2449BE163D507A8801182EB51381E623E8FAD17A786FFB51B75D882',E'\\x0000000000000000000000000000000000000000000000000000000000000001',14,E'\\x0817B7B518DF03A0F6A35E3E9A36A074FD26D31FF5C59AC8A59DCC5ED6093F71',1,2023-02-14 14:22:40.201937,2023-02-14 14:22:40.201937,1
E'\\xECA475BB01469DF7087C16701933AFB5936587DDB4965EFABB11AE4513C5B84F',E'\\x000000000000000000000000000000000000800B',E'\\x0000000000000000000000000000000000000000000000000000000000000001',E'\\x000000000000000000000000C301F8B2A2C08958E6E7A286AB49A986C1F7EF6A',15,E'\\x0817B7B518DF03A0F6A35E3E9A36A074FD26D31FF5C59AC8A59DCC5ED6093F71',1,2023-02-14 14:22:40.201937,2023-02-14 14:22:40.201937,1
E'\\x444584B4DAEBDFF2BA348CA4DCEC18C2B9B9522C43F2BE99B92D05852E5AC0D8',E'\\x000000000000000000000000000000000000800B',E'\\x0000000000000000000000000000000000000000000000000000000000000002',E'\\x0000000000000000000000000000000000000000000000000000000000000000',16,E'\\x0817B7B518DF03A0F6A35E3E9A36A074FD26D31FF5C59AC8A59DCC5ED6093F71',1,2023-02-14 14:22:40.201937,2023-02-14 14:22:40.201937,1
E'\\x71E91721F9918576D760F02F03CAC47C6F4003316031848E3C1D99E6E83A4743',E'\\x000000000000000000000000000000000000800A',E'\\x0000000000000000000000000000000000000000000000000000000000000001',E'\\x0000000000000000000000000000000000000000000000000000000000000000',17,E'\\x0817B7B518DF03A0F6A35E3E9A36A074FD26D31FF5C59AC8A59DCC5ED6093F71',1,2023-02-14 14:22:40.201937,2023-02-14 14:22:40.201937,1
E'\\x811563F6E7C25A8690695C412A75D4744804C4509E9AB7BACF3A16B3239C38CA',E'\\x000000000000000000000000000000000000800A',E'\\xFAD870351A9262615D07680FD2D9807A0C2976136A691F30DD8A06688236F35C',E'\\x0000000000000000000000000000000000000000000000000000000000000000',18,E'\\x0817B7B518DF03A0F6A35E3E9A36A074FD26D31FF5C59AC8A59DCC5ED6093F71',1,2023-02-14 14:22:40.201937,2023-02-14 14:22:40.201937,1
E'\\xECA475BB01469DF7087C16701933AFB5936587DDB4965EFABB11AE4513C5B84F',E'\\x000000000000000000000000000000000000800B',E'\\x0000000000000000000000000000000000000000000000000000000000000001',E'\\x00000000000000000000000029DF43F75149D0552475A6F9B2AC96E28796ED0B',19,E'\\x7E58442675505FFB1A98145109DF681FC910513523FF1717897A9FA3F6D1E1C0',1,2023-02-14 14:22:40.201937,2023-02-14 14:22:40.201937,1
E'\\x444584B4DAEBDFF2BA348CA4DCEC18C2B9B9522C43F2BE99B92D05852E5AC0D8',E'\\x000000000000000000000000000000000000800B',E'\\x0000000000000000000000000000000000000000000000000000000000000002',E'\\x0000000000000000000000000000000000000000000000000000000000000000',20,E'\\x7E58442675505FFB1A98145109DF681FC910513523FF1717897A9FA3F6D1E1C0',1,2023-02-14 14:22:40.201937,2023-02-14 14:22:40.201937,1
E'\\x9EE6F0FDDFB8104C8E45FCF668B366B529309DDEC21BADBA44197A5CBB998B40',E'\\x0000000000000000000000000000000000008003',E'\\xF91377AC06BD1A179CE4E793DD127FB7F37A582B418881DAC63AB194BF40D9CD',E'\\x0000000000000000000000000000000200000000000000000000000000000000',21,E'\\x7E58442675505FFB1A98145109DF681FC910513523FF1717897A9FA3F6D1E1C0',1,2023-02-14 14:22:40.201937,2023-02-14 14:22:40.201937,1
E'\\x9EE6F0FDDFB8104C8E45FCF668B366B529309DDEC21BADBA44197A5CBB998B40',E'\\x0000000000000000000000000000000000008003',E'\\xF91377AC06BD1A179CE4E793DD127FB7F37A582B418881DAC63AB194BF40D9CD',E'\\x0000000000000000000000000000000100000000000000000000000000000000',22,E'\\x7E58442675505FFB1A98145109DF681FC910513523FF1717897A9FA3F6D1E1C0',1,2023-02-14 14:22:40.201937,2023-02-14 14:22:40.201937,1
E'\\x444584B4DAEBDFF2BA348CA4DCEC18C2B9B9522C43F2BE99B92D05852E5AC0D8',E'\\x000000000000000000000000000000000000800B',E'\\x0000000000000000000000000000000000000000000000000000000000000002',E'\\x0000000000000000000000000000000000000000000000000000000000000000',23,E'\\x7E58442675505FFB1A98145109DF681FC910513523FF1717897A9FA3F6D1E1C0',1,2023-02-14 14:22:40.201937,2023-02-14 14:22:40.201937,1
E'\\xECA475BB01469DF7087C16701933AFB5936587DDB4965EFABB11AE4513C5B84F',E'\\x000000000000000000000000000000000000800B',E'\\x0000000000000000000000000000000000000000000000000000000000000001',E'\\x000000000000000000000000C301F8B2A2C08958E6E7A286AB49A986C1F7EF6A',24,E'\\x7E58442675505FFB1A98145109DF681FC910513523FF1717897A9FA3F6D1E1C0',1,2023-02-14 14:22:40.201937,2023-02-14 14:22:40.201937,1
E'\\x71E91721F9918576D760F02F03CAC47C6F4003316031848E3C1D99E6E83A4743',E'\\x000000000000000000000000000000000000800A',E'\\x0000000000000000000000000000000000000000000000000000000000000001',E'\\x0000000000000000000000000000000000000000000000000000000000000000',25,E'\\x7E58442675505FFB1A98145109DF681FC910513523FF1717897A9FA3F6D1E1C0',1,2023-02-14 14:22:40.201937,2023-02-14 14:22:40.201937,1
E'\\x65AA096A78C7C503C4F10FCE8BB428F05B0C7A9D0F39B2715767C8446AE716E6',E'\\x000000000000000000000000000000000000800A',E'\\xF91377AC06BD1A179CE4E793DD127FB7F37A582B418881DAC63AB194BF40D9CD',E'\\x0000000000000000000000000000000000000000000000000000000000000000',26,E'\\x7E58442675505FFB1A98145109DF681FC910513523FF1717897A9FA3F6D1E1C0',1,2023-02-14 14:22:40.201937,2023-02-14 14:22:40.201937,1
E'\\xECA475BB01469DF7087C16701933AFB5936587DDB4965EFABB11AE4513C5B84F',E'\\x000000000000000000000000000000000000800B',E'\\x0000000000000000000000000000000000000000000000000000000000000001',E'\\x000000000000000000000000C301F8B2A2C08958E6E7A286AB49A986C1F7EF6A',27,E'\\x3277DCA719C8AFDE9B713594B348B74612C0D4A7A5A8B808D5FD0B2E1D2AA18C',1,2023-02-14 14:22:40.201937,2023-02-14 14:22:40.201937,1
E'\\x444584B4DAEBDFF2BA348CA4DCEC18C2B9B9522C43F2BE99B92D05852E5AC0D8',E'\\x000000000000000000000000000000000000800B',E'\\x0000000000000000000000000000000000000000000000000000000000000002',E'\\x0000000000000000000000000000000000000000000000000000000000000000',28,E'\\x3277DCA719C8AFDE9B713594B348B74612C0D4A7A5A8B808D5FD0B2E1D2AA18C',1,2023-02-14 14:22:40.201937,2023-02-14 14:22:40.201937,1
E'\\x71E91721F9918576D760F02F03CAC47C6F4003316031848E3C1D99E6E83A4743',E'\\x000000000000000000000000000000000000800A',E'\\x0000000000000000000000000000000000000000000000000000000000000001',E'\\x0000000000000000000000000000000000000000000000000000000000000000',29,E'\\x3277DCA719C8AFDE9B713594B348B74612C0D4A7A5A8B808D5FD0B2E1D2AA18C',1,2023-02-14 14:22:40.201937,2023-02-14 14:22:40.201937,1
E'\\x811563F6E7C25A8690695C412A75D4744804C4509E9AB7BACF3A16B3239C38CA',E'\\x000000000000000000000000000000000000800A',E'\\xFAD870351A9262615D07680FD2D9807A0C2976136A691F30DD8A06688236F35C',E'\\x0000000000000000000000000000000000000000000000000000000000000000',30,E'\\x3277DCA719C8AFDE9B713594B348B74612C0D4A7A5A8B808D5FD0B2E1D2AA18C',1,2023-02-14 14:22:40.201937,2023-02-14 14:22:40.201937,1
E'\\x9D63223A8469C404F00AAFD2C90CE830E74658F527C3F4B6D2263F71E22510B1',E'\\x0000000000000000000000000000000000008004',E'\\x010001B7A7CE1F85F1049E296544A50300DD265C2B2B82B303BC1EAF49CDB3CB',E'\\x0000000000000000000000000000000000000000000000000000000000000001',31,E'\\x0853A7E2C7977D8D3BADB8E3C2AD5DF67B5AF7D60AA9B1CBE5229538CD27E8A5',1,2023-02-14 14:22:40.201937,2023-02-14 14:22:40.201937,1
E'\\x757F1E984416DE5605F2BF658A548B515DF427B0F1FCACCFDEB6BBFE01DCFDC7',E'\\x0000000000000000000000000000000000008004',E'\\x010001731D2166E711848B2386B8DA623C20FC3C2E428EADCA169A615DDEC57A',E'\\x0000000000000000000000000000000000000000000000000000000000000001',32,E'\\x0853A7E2C7977D8D3BADB8E3C2AD5DF67B5AF7D60AA9B1CBE5229538CD27E8A5',1,2023-02-14 14:22:40.201937,2023-02-14 14:22:40.201937,1
E'\\xF0FFBE698F5C5436C7A56F9D57F0C154625CFA9E2D3FDCA4A4803CAB184869E8',E'\\x0000000000000000000000000000000000008004',E'\\x01000121A363B3FBEC270986067C1B553BF540C30A6F186F45313133FF1A1019',E'\\x0000000000000000000000000000000000000000000000000000000000000001',33,E'\\x0853A7E2C7977D8D3BADB8E3C2AD5DF67B5AF7D60AA9B1CBE5229538CD27E8A5',1,2023-02-14 14:22:40.201937,2023-02-14 14:22:40.201937,1
E'\\xECA475BB01469DF7087C16701933AFB5936587DDB4965EFABB11AE4513C5B84F',E'\\x000000000000000000000000000000000000800B',E'\\x0000000000000000000000000000000000000000000000000000000000000001',E'\\x000000000000000000000000689A1966931EB4BB6FB81430E6CE0A03AABDF174',34,E'\\x0853A7E2C7977D8D3BADB8E3C2AD5DF67B5AF7D60AA9B1CBE5229538CD27E8A5',1,2023-02-14 14:22:40.201937,2023-02-14 14:22:40.201937,1
E'\\x444584B4DAEBDFF2BA348CA4DCEC18C2B9B9522C43F2BE99B92D05852E5AC0D8',E'\\x000000000000000000000000000000000000800B',E'\\x0000000000000000000000000000000000000000000000000000000000000002',E'\\x0000000000000000000000000000000000000000000000000000000000000000',35,E'\\x0853A7E2C7977D8D3BADB8E3C2AD5DF67B5AF7D60AA9B1CBE5229538CD27E8A5',1,2023-02-14 14:22:40.201937,2023-02-14 14:22:40.201937,1
E'\\x6389B3A178FB61F7BECE29A4736FA1FE2F0611A479DDEC67070253B85DB1CF59',E'\\x0000000000000000000000000000000000008003',E'\\x01901C4F83E80C23F8DF01125B430A207CBC07BE78B64FCA1E97D100C7B2E377',E'\\x0000000000000000000000000000000100000000000000000000000000000000',36,E'\\x0853A7E2C7977D8D3BADB8E3C2AD5DF67B5AF7D60AA9B1CBE5229538CD27E8A5',1,2023-02-14 14:22:40.201937,2023-02-14 14:22:40.201937,1
E'\\xD409F5F20A2047439AB3BC68F53626EE9C3EF17CF81C55224352CC9D45F3B2E6',E'\\x0000000000000000000000000000000000008002',E'\\x0000000000000000000000006D7A34EB3055549866A227DF64E954B142D97430',E'\\x010101B7A7CE1F85F1049E296544A50300DD265C2B2B82B303BC1EAF49CDB3CB',37,E'\\x0853A7E2C7977D8D3BADB8E3C2AD5DF67B5AF7D60AA9B1CBE5229538CD27E8A5',1,2023-02-14 14:22:40.201937,2023-02-14 14:22:40.201937,1
E'\\x8986BCE9CA71CB39AE6691E70E1726B2A18647823CDF3592AC36E2F1C33D892C',E'\\x0000000000000000000000000000000000008006',E'\\x11F81488CDC292C8AD0B9C0A6C7FD47A484E298D4CD9469F044BECD067A520BB',E'\\x0000000000000000000000000000000000000000000000000000000000000000',38,E'\\x0853A7E2C7977D8D3BADB8E3C2AD5DF67B5AF7D60AA9B1CBE5229538CD27E8A5',1,2023-02-14 14:22:40.201937,2023-02-14 14:22:40.201937,1
E'\\x8986BCE9CA71CB39AE6691E70E1726B2A18647823CDF3592AC36E2F1C33D892C',E'\\x0000000000000000000000000000000000008006',E'\\x11F81488CDC292C8AD0B9C0A6C7FD47A484E298D4CD9469F044BECD067A520BB',E'\\x0000000000000000000000000000000000000000000000000000000000000000',39,E'\\x0853A7E2C7977D8D3BADB8E3C2AD5DF67B5AF7D60AA9B1CBE5229538CD27E8A5',1,2023-02-14 14:22:40.201937,2023-02-14 14:22:40.201937,1
E'\\x2F5BA8468D8E002AE9BD0C078CC9DAC33AF238A5336CB399F18B6FF8788DE5C9',E'\\x6D7A34EB3055549866A227DF64E954B142D97430',E'\\x0000000000000000000000000000000000000000000000000000000000000000',E'\\x00000000000000000000000000000000000000000000000000000000000000FF',40,E'\\x0853A7E2C7977D8D3BADB8E3C2AD5DF67B5AF7D60AA9B1CBE5229538CD27E8A5',1,2023-02-14 14:22:40.201937,2023-02-14 14:22:40.201937,1
E'\\xD409F5F20A2047439AB3BC68F53626EE9C3EF17CF81C55224352CC9D45F3B2E6',E'\\x0000000000000000000000000000000000008002',E'\\x0000000000000000000000006D7A34EB3055549866A227DF64E954B142D97430',E'\\x010001B7A7CE1F85F1049E296544A50300DD265C2B2B82B303BC1EAF49CDB3CB',41,E'\\x0853A7E2C7977D8D3BADB8E3C2AD5DF67B5AF7D60AA9B1CBE5229538CD27E8A5',1,2023-02-14 14:22:40.201937,2023-02-14 14:22:40.201937,1
E'\\x71E91721F9918576D760F02F03CAC47C6F4003316031848E3C1D99E6E83A4743',E'\\x000000000000000000000000000000000000800A',E'\\x0000000000000000000000000000000000000000000000000000000000000001',E'\\x0000000000000000000000000000000000000000000000000000000000000000',42,E'\\x0853A7E2C7977D8D3BADB8E3C2AD5DF67B5AF7D60AA9B1CBE5229538CD27E8A5',1,2023-02-14 14:22:40.201937,2023-02-14 14:22:40.201937,1
E'\\x811563F6E7C25A8690695C412A75D4744804C4509E9AB7BACF3A16B3239C38CA',E'\\x000000000000000000000000000000000000800A',E'\\xFAD870351A9262615D07680FD2D9807A0C2976136A691F30DD8A06688236F35C',E'\\x0000000000000000000000000000000000000000000000000000000000000000',43,E'\\x0853A7E2C7977D8D3BADB8E3C2AD5DF67B5AF7D60AA9B1CBE5229538CD27E8A5',1,2023-02-14 14:22:40.201937,2023-02-14 14:22:40.201937,1
E'\\xECA475BB01469DF7087C16701933AFB5936587DDB4965EFABB11AE4513C5B84F',E'\\x000000000000000000000000000000000000800B',E'\\x0000000000000000000000000000000000000000000000000000000000000001',E'\\x000000000000000000000000689A1966931EB4BB6FB81430E6CE0A03AABDF174',44,E'\\xEC06AB90E8CBADA2B205874567504CEED9E005DF452A997472823A8B59CB30EC',1,2023-02-14 14:22:40.201937,2023-02-14 14:22:40.201937,1
E'\\x444584B4DAEBDFF2BA348CA4DCEC18C2B9B9522C43F2BE99B92D05852E5AC0D8',E'\\x000000000000000000000000000000000000800B',E'\\x0000000000000000000000000000000000000000000000000000000000000002',E'\\x0000000000000000000000000000000000000000000000000000000000000000',45,E'\\xEC06AB90E8CBADA2B205874567504CEED9E005DF452A997472823A8B59CB30EC',1,2023-02-14 14:22:40.201937,2023-02-14 14:22:40.201937,1
E'\\x6389B3A178FB61F7BECE29A4736FA1FE2F0611A479DDEC67070253B85DB1CF59',E'\\x0000000000000000000000000000000000008003',E'\\x01901C4F83E80C23F8DF01125B430A207CBC07BE78B64FCA1E97D100C7B2E377',E'\\x0000000000000000000000000000000200000000000000000000000000000000',46,E'\\xEC06AB90E8CBADA2B205874567504CEED9E005DF452A997472823A8B59CB30EC',1,2023-02-14 14:22:40.201937,2023-02-14 14:22:40.201937,1
E'\\x1F62ACDE9681BFC2B1BC217914D633DB3F4003A5CF5F5880DB014BB3D5CFB073',E'\\x0000000000000000000000000000000000008002',E'\\x00000000000000000000000011F943B2C77B743AB90F4A0AE7D5A4E7FCA3E102',E'\\x010101731D2166E711848B2386B8DA623C20FC3C2E428EADCA169A615DDEC57A',47,E'\\xEC06AB90E8CBADA2B205874567504CEED9E005DF452A997472823A8B59CB30EC',1,2023-02-14 14:22:40.201937,2023-02-14 14:22:40.201937,1
E'\\xD36E493586FFBB08223CBCEB3610CED7AF2FC3DC4B7BB6958089D0B37E68D733',E'\\x0000000000000000000000000000000000008006',E'\\x4464A93C1C5B87B2ECA46BB1129D916CC7904C69B14C291FCFE2514C4673637D',E'\\x0000000000000000000000000000000000000000000000000000000000000000',48,E'\\xEC06AB90E8CBADA2B205874567504CEED9E005DF452A997472823A8B59CB30EC',1,2023-02-14 14:22:40.201937,2023-02-14 14:22:40.201937,1
E'\\xD36E493586FFBB08223CBCEB3610CED7AF2FC3DC4B7BB6958089D0B37E68D733',E'\\x0000000000000000000000000000000000008006',E'\\x4464A93C1C5B87B2ECA46BB1129D916CC7904C69B14C291FCFE2514C4673637D',E'\\x0000000000000000000000000000000000000000000000000000000000000000',49,E'\\xEC06AB90E8CBADA2B205874567504CEED9E005DF452A997472823A8B59CB30EC',1,2023-02-14 14:22:40.201937,2023-02-14 14:22:40.201937,1
E'\\xD66CEF92E90CF451F2896709F80DC9FD5607FEC625D0F20B6EBBA09AE9A00AD5',E'\\x11F943B2C77B743AB90F4A0AE7D5A4E7FCA3E102',E'\\x360894A13BA1A3210667C828492DB98DCA3E2076CC3735A920A3CA505D382BBC',E'\\x0000000000000000000000006D7A34EB3055549866A227DF64E954B142D97430',50,E'\\xEC06AB90E8CBADA2B205874567504CEED9E005DF452A997472823A8B59CB30EC',1,2023-02-14 14:22:40.201937,2023-02-14 14:22:40.201937,1
E'\\x36E770A545C968313421AAE29124E19D64E4334F463585C67AD5325CDCA7E1ED',E'\\x11F943B2C77B743AB90F4A0AE7D5A4E7FCA3E102',E'\\x0000000000000000000000000000000000000000000000000000000000000000',E'\\x0000000000000000000000000000000000000000000000000000000000000001',51,E'\\xEC06AB90E8CBADA2B205874567504CEED9E005DF452A997472823A8B59CB30EC',1,2023-02-14 14:22:40.201937,2023-02-14 14:22:40.201937,1
E'\\x36E770A545C968313421AAE29124E19D64E4334F463585C67AD5325CDCA7E1ED',E'\\x11F943B2C77B743AB90F4A0AE7D5A4E7FCA3E102',E'\\x0000000000000000000000000000000000000000000000000000000000000000',E'\\x0000000000000000000000000000000000000000000000000000000000000101',52,E'\\xEC06AB90E8CBADA2B205874567504CEED9E005DF452A997472823A8B59CB30EC',1,2023-02-14 14:22:40.201937,2023-02-14 14:22:40.201937,1
E'\\x36E770A545C968313421AAE29124E19D64E4334F463585C67AD5325CDCA7E1ED',E'\\x11F943B2C77B743AB90F4A0AE7D5A4E7FCA3E102',E'\\x0000000000000000000000000000000000000000000000000000000000000000',E'\\x0000000000000000000057891966931EB4BB6FB81430E6CE0A03AABDE0630101',53,E'\\xEC06AB90E8CBADA2B205874567504CEED9E005DF452A997472823A8B59CB30EC',1,2023-02-14 14:22:40.201937,2023-02-14 14:22:40.201937,1
E'\\xA4BC918367575DDE445552054F180728EBE50FBE0B301013265196983C7535A1',E'\\x11F943B2C77B743AB90F4A0AE7D5A4E7FCA3E102',E'\\x0000000000000000000000000000000000000000000000000000000000000002',E'\\x01000121A363B3FBEC270986067C1B553BF540C30A6F186F45313133FF1A1019',54,E'\\xEC06AB90E8CBADA2B205874567504CEED9E005DF452A997472823A8B59CB30EC',1,2023-02-14 14:22:40.201937,2023-02-14 14:22:40.201937,1
E'\\xF89D990B0A71D8C9768DEF85DDD01BD81C0327A4861463F94F29B040DA1077BD',E'\\x0000000000000000000000000000000000008003',E'\\x4464A93C1C5B87B2ECA46BB1129D916CC7904C69B14C291FCFE2514C4673637D',E'\\x0000000000000000000000000000000100000000000000000000000000000000',55,E'\\xEC06AB90E8CBADA2B205874567504CEED9E005DF452A997472823A8B59CB30EC',1,2023-02-14 14:22:40.201937,2023-02-14 14:22:40.201937,1
E'\\xF6A973DB661D6F1EF29607A6B5E79569D7C9AF6AA6274FE8148D25614D65EF8B',E'\\x0000000000000000000000000000000000008002',E'\\x0000000000000000000000009C931462AC1BF8B47A727AAAD7776405AC894482',E'\\x0101033FD2449BE163D507A8801182EB51381E623E8FAD17A786FFB51B75D882',56,E'\\xEC06AB90E8CBADA2B205874567504CEED9E005DF452A997472823A8B59CB30EC',1,2023-02-14 14:22:40.201937,2023-02-14 14:22:40.201937,1
E'\\xA55B796E9D57E7B1753F3B1EC32A83BD33A287AA468EF989D0EC3CFE19FEBDD6',E'\\x0000000000000000000000000000000000008006',E'\\xBC74DC74F0F1C3081B53DDB366C7A0902DFE0D8EBE6AE281DA970BD39A633F62',E'\\x0000000000000000000000000000000000000000000000000000000000000000',57,E'\\xEC06AB90E8CBADA2B205874567504CEED9E005DF452A997472823A8B59CB30EC',1,2023-02-14 14:22:40.201937,2023-02-14 14:22:40.201937,1
E'\\xA55B796E9D57E7B1753F3B1EC32A83BD33A287AA468EF989D0EC3CFE19FEBDD6',E'\\x0000000000000000000000000000000000008006',E'\\xBC74DC74F0F1C3081B53DDB366C7A0902DFE0D8EBE6AE281DA970BD39A633F62',E'\\x0000000000000000000000000000000000000000000000000000000000000000',58,E'\\xEC06AB90E8CBADA2B205874567504CEED9E005DF452A997472823A8B59CB30EC',1,2023-02-14 14:22:40.201937,2023-02-14 14:22:40.201937,1
E'\\xC80829F392344317FC9DBF90A53948048F300E40F35F0C93368A18656F419397',E'\\x9C931462AC1BF8B47A727AAAD7776405AC894482',E'\\x0000000000000000000000000000000000000000000000000000000000000000',E'\\x0000000000000000000000000000000000000000000000000000000000000001',59,E'\\xEC06AB90E8CBADA2B205874567504CEED9E005DF452A997472823A8B59CB30EC',1,2023-02-14 14:22:40.201937,2023-02-14 14:22:40.201937,1
E'\\xC80829F392344317FC9DBF90A53948048F300E40F35F0C93368A18656F419397',E'\\x9C931462AC1BF8B47A727AAAD7776405AC894482',E'\\x0000000000000000000000000000000000000000000000000000000000000000',E'\\x0000000000000000000000000000000000000000000000000000000000000101',60,E'\\xEC06AB90E8CBADA2B205874567504CEED9E005DF452A997472823A8B59CB30EC',1,2023-02-14 14:22:40.201937,2023-02-14 14:22:40.201937,1
E'\\xC80829F392344317FC9DBF90A53948048F300E40F35F0C93368A18656F419397',E'\\x9C931462AC1BF8B47A727AAAD7776405AC894482',E'\\x0000000000000000000000000000000000000000000000000000000000000000',E'\\x0000000000000000000000000000000000000000000000000000000000000001',61,E'\\xEC06AB90E8CBADA2B205874567504CEED9E005DF452A997472823A8B59CB30EC',1,2023-02-14 14:22:40.201937,2023-02-14 14:22:40.201937,1
E'\\xF6A973DB661D6F1EF29607A6B5E79569D7C9AF6AA6274FE8148D25614D65EF8B',E'\\x0000000000000000000000000000000000008002',E'\\x0000000000000000000000009C931462AC1BF8B47A727AAAD7776405AC894482',E'\\x0100033FD2449BE163D507A8801182EB51381E623E8FAD17A786FFB51B75D882',62,E'\\xEC06AB90E8CBADA2B205874567504CEED9E005DF452A997472823A8B59CB30EC',1,2023-02-14 14:22:40.201937,2023-02-14 14:22:40.201937,1
E'\\xF89D990B0A71D8C9768DEF85DDD01BD81C0327A4861463F94F29B040DA1077BD',E'\\x0000000000000000000000000000000000008003',E'\\x4464A93C1C5B87B2ECA46BB1129D916CC7904C69B14C291FCFE2514C4673637D',E'\\x0000000000000000000000000000000200000000000000000000000000000000',63,E'\\xEC06AB90E8CBADA2B205874567504CEED9E005DF452A997472823A8B59CB30EC',1,2023-02-14 14:22:40.201937,2023-02-14 14:22:40.201937,1
E'\\xC144E94F69438D4AD3ABCB680A4BEA1B6AC056A7D9F310A72BCA45CB92A03A2A',E'\\x0000000000000000000000000000000000008002',E'\\x0000000000000000000000001EB710030273E529A6AD7E1E14D4E601765BA3C6',E'\\x0101009979EC46148A53897990610EEE987ED2B2498649D890A8B8303CC9A719',64,E'\\xEC06AB90E8CBADA2B205874567504CEED9E005DF452A997472823A8B59CB30EC',1,2023-02-14 14:22:40.201937,2023-02-14 14:22:40.201937,1
E'\\xE3C8908068952675FC6772ADD532B35340DFA1A68813E51F528C9AA507E0D1D6',E'\\x0000000000000000000000000000000000008006',E'\\xDFB9EF174557C63758660AD9101B4EB4E0C7F0A71091A7AE822C6A14A0B57BF6',E'\\x0000000000000000000000000000000000000000000000000000000000000000',65,E'\\xEC06AB90E8CBADA2B205874567504CEED9E005DF452A997472823A8B59CB30EC',1,2023-02-14 14:22:40.201937,2023-02-14 14:22:40.201937,1
E'\\xE3C8908068952675FC6772ADD532B35340DFA1A68813E51F528C9AA507E0D1D6',E'\\x0000000000000000000000000000000000008006',E'\\xDFB9EF174557C63758660AD9101B4EB4E0C7F0A71091A7AE822C6A14A0B57BF6',E'\\x0000000000000000000000000000000000000000000000000000000000000000',66,E'\\xEC06AB90E8CBADA2B205874567504CEED9E005DF452A997472823A8B59CB30EC',1,2023-02-14 14:22:40.201937,2023-02-14 14:22:40.201937,1
E'\\x5C32C768A8F0EB05529AD88477EFFD9C1C4796763101A01E6B67F2AC31CADBEC',E'\\x1EB710030273E529A6AD7E1E14D4E601765BA3C6',E'\\x0000000000000000000000000000000000000000000000000000000000000000',E'\\x00000000000000000000000011F943B2C77B743AB90F4A0AE7D5A4E7FCA3E102',67,E'\\xEC06AB90E8CBADA2B205874567504CEED9E005DF452A997472823A8B59CB30EC',1,2023-02-14 14:22:40.201937,2023-02-14 14:22:40.201937,1
E'\\x39D5A24204DBA4589E0CECFC4A9E3C035967745C8F506BB70C57C46100175573',E'\\x1EB710030273E529A6AD7E1E14D4E601765BA3C6',E'\\x0000000000000000000000000000000000000000000000000000000000000001',E'\\x0000000000000000000000009C931462AC1BF8B47A727AAAD7776405AC894482',68,E'\\xEC06AB90E8CBADA2B205874567504CEED9E005DF452A997472823A8B59CB30EC',1,2023-02-14 14:22:40.201937,2023-02-14 14:22:40.201937,1
E'\\xC144E94F69438D4AD3ABCB680A4BEA1B6AC056A7D9F310A72BCA45CB92A03A2A',E'\\x0000000000000000000000000000000000008002',E'\\x0000000000000000000000001EB710030273E529A6AD7E1E14D4E601765BA3C6',E'\\x0100009979EC46148A53897990610EEE987ED2B2498649D890A8B8303CC9A719',69,E'\\xEC06AB90E8CBADA2B205874567504CEED9E005DF452A997472823A8B59CB30EC',1,2023-02-14 14:22:40.201937,2023-02-14 14:22:40.201937,1
E'\\x0FA114719D474FF7C52A3BD83FE48F008EEDD232B03C2C81221A10A3AEF4B7EB',E'\\x11F943B2C77B743AB90F4A0AE7D5A4E7FCA3E102',E'\\x0000000000000000000000000000000000000000000000000000000000000001',E'\\x0000000000000000000000001EB710030273E529A6AD7E1E14D4E601765BA3C6',70,E'\\xEC06AB90E8CBADA2B205874567504CEED9E005DF452A997472823A8B59CB30EC',1,2023-02-14 14:22:40.201937,2023-02-14 14:22:40.201937,1
E'\\x5C32C768A8F0EB05529AD88477EFFD9C1C4796763101A01E6B67F2AC31CADBEC',E'\\x1EB710030273E529A6AD7E1E14D4E601765BA3C6',E'\\x0000000000000000000000000000000000000000000000000000000000000000',E'\\x00000000000000000000000029DF43F75149D0552475A6F9B2AC96E28796ED0B',71,E'\\xEC06AB90E8CBADA2B205874567504CEED9E005DF452A997472823A8B59CB30EC',1,2023-02-14 14:22:40.201937,2023-02-14 14:22:40.201937,1
E'\\x36E770A545C968313421AAE29124E19D64E4334F463585C67AD5325CDCA7E1ED',E'\\x11F943B2C77B743AB90F4A0AE7D5A4E7FCA3E102',E'\\x0000000000000000000000000000000000000000000000000000000000000000',E'\\x0000000000000000000057891966931EB4BB6FB81430E6CE0A03AABDE0630001',72,E'\\xEC06AB90E8CBADA2B205874567504CEED9E005DF452A997472823A8B59CB30EC',1,2023-02-14 14:22:40.201937,2023-02-14 14:22:40.201937,1
E'\\x9F2FB85D40C8B572945A682B6D4356F2E54FA5D98EAB827044F55871DBF8BA33',E'\\x11F943B2C77B743AB90F4A0AE7D5A4E7FCA3E102',E'\\xB53127684A568B3173AE13B9F8A6016E243E63B6E8EE1178D6A717850B5D6103',E'\\x00000000000000000000000029DF43F75149D0552475A6F9B2AC96E28796ED0B',73,E'\\xEC06AB90E8CBADA2B205874567504CEED9E005DF452A997472823A8B59CB30EC',1,2023-02-14 14:22:40.201937,2023-02-14 14:22:40.201937,1
E'\\x1F62ACDE9681BFC2B1BC217914D633DB3F4003A5CF5F5880DB014BB3D5CFB073',E'\\x0000000000000000000000000000000000008002',E'\\x00000000000000000000000011F943B2C77B743AB90F4A0AE7D5A4E7FCA3E102',E'\\x010001731D2166E711848B2386B8DA623C20FC3C2E428EADCA169A615DDEC57A',74,E'\\xEC06AB90E8CBADA2B205874567504CEED9E005DF452A997472823A8B59CB30EC',1,2023-02-14 14:22:40.201937,2023-02-14 14:22:40.201937,1
E'\\x71E91721F9918576D760F02F03CAC47C6F4003316031848E3C1D99E6E83A4743',E'\\x000000000000000000000000000000000000800A',E'\\x0000000000000000000000000000000000000000000000000000000000000001',E'\\x0000000000000000000000000000000000000000000000000000000000000000',75,E'\\xEC06AB90E8CBADA2B205874567504CEED9E005DF452A997472823A8B59CB30EC',1,2023-02-14 14:22:40.201937,2023-02-14 14:22:40.201937,1
E'\\x811563F6E7C25A8690695C412A75D4744804C4509E9AB7BACF3A16B3239C38CA',E'\\x000000000000000000000000000000000000800A',E'\\xFAD870351A9262615D07680FD2D9807A0C2976136A691F30DD8A06688236F35C',E'\\x0000000000000000000000000000000000000000000000000000000000000000',76,E'\\xEC06AB90E8CBADA2B205874567504CEED9E005DF452A997472823A8B59CB30EC',1,2023-02-14 14:22:40.201937,2023-02-14 14:22:40.201937,1
E'\\xECA475BB01469DF7087C16701933AFB5936587DDB4965EFABB11AE4513C5B84F',E'\\x000000000000000000000000000000000000800B',E'\\x0000000000000000000000000000000000000000000000000000000000000001',E'\\x0000000000000000000000000000000000000000000000000000000000000000',0,E'\\x0000000000000000000000000000000000000000000000000000000000000000',2,2023-02-14 14:22:40.225177,2023-02-14 14:22:40.225177,1
E'\\x444584B4DAEBDFF2BA348CA4DCEC18C2B9B9522C43F2BE99B92D05852E5AC0D8',E'\\x000000000000000000000000000000000000800B',E'\\x0000000000000000000000000000000000000000000000000000000000000002',E'\\x0000000000000000000000000000000000000000000000000000000000000000',1,E'\\x0000000000000000000000000000000000000000000000000000000000000000',2,2023-02-14 14:22:40.225177,2023-02-14 14:22:40.225177,1
