E'\\xE3049E2E6829610F261D9C4D76D2EBF514D321AF0C55F4691210CE850D8F8A22',E'\\x0000000000000000000000000000000000008002',E'\\x0000000000000000000000000000000000000000000000000000000000008002',E'\\x01000059C04F4ECC1ED23E31AB67883D9DFF1361999D3C81E430C0F483EB60D2',0,0
E'\\xDFE5063F03287AEC1B9B52B110A060F7AF3EFF32916C9A7539E66619624394C5',E'\\x0000000000000000000000000000000000008002',E'\\x0000000000000000000000000000000000000000000000000000000000008003',E'\\x010000D37EEE65E48F78B3A13CB1275F4CFD544B89C9B37CD9639C4F2B10EF24',1,0
E'\\xA2B18D56656163DF336E71BDD142332D42A7AF2F8E25B01573B3A8137FB05988',E'\\x0000000000000000000000000000000000008002',E'\\x0000000000000000000000000000000000000000000000000000000000008004',E'\\x01000069E50493EE2AD3FEA7B10EF3A53773E26D87E32E8FDBFCFE0DE926C914',2,0
E'\\x7A14C28EA6E095AA6D74138F40B776DC1BC443C952796DE5F424CD8FE84A31DF',E'\\x0000000000000000000000000000000000008002',E'\\x0000000000000000000000000000000000000000000000000000000000008005',E'\\x01000035F23BA7D91B3191912012168AC3A69FCB8726F54D19559FAEC798494B',3,0
E'\\xF811408C7456B259D69D4F4A8CD211485A663772F37D1326EABD0AE9444C2FEE',E'\\x0000000000000000000000000000000000008002',E'\\x0000000000000000000000000000000000000000000000000000000000008006',E'\\x01000455D9B8AAAF10834A1668DD9FEA9F9649010F4F73F43E848A6E3BCA7A42',4,0
E'\\x271906F9820662D5E0AD794CDFE7F516AC144EEC7E414542F8F06FBC2B3977F1',E'\\x0000000000000000000000000000000000008002',E'\\x0000000000000000000000000000000000000000000000000000000000008008',E'\\x010002774DB547957ECEFC324EF21A0924C035E4B4A18635F32E7F6F0CCED998',5,0
E'\\x8C46574ACF170B4B60370633D4768BA289580CEA58F49B2D58A7997E42883645',E'\\x0000000000000000000000000000000000008002',E'\\x0000000000000000000000000000000000000000000000000000000000008009',E'\\x0100005B80FEA460F866F332E63E156CC7D530E368A0CCEC3DEAF2F0F5064CEA',6,0
E'\\xB0FAB99564C8D0D16141FCF72BFB40733244AA94865581FA76E5AE030FF6E4F9',E'\\x0000000000000000000000000000000000008002',E'\\x000000000000000000000000000000000000000000000000000000000000800A',E'\\x010000F944D515550036966157F647ED03EC2077F85EC1094EF83773587D3877',7,0
E'\\xF082037E1600B9BF16FD7D8E815D9680912128B4D8763A60795E385B73B45EC2',E'\\x0000000000000000000000000000000000008002',E'\\x0000000000000000000000000000000000000000000000000000000000008010',E'\\x0100000F9C77DDF3E1BAEF9DF0C1A497858D24B0EA1CF76F04C9FE3F8B323098',8,0
E'\\x65F891E1F428D2B264C7983F4D7F4615F96A5EA6411DF55455FF1EA4319BA72E',E'\\x0000000000000000000000000000000000008002',E'\\x0000000000000000000000000000000000000000000000000000000000000002',E'\\x010000172DD8B6099B59BC284647851340B609BCB9514FA1FAD85AA64DEDBBC1',9,0
E'\\x7715A1136F6DC78CDD2011CB8A0F003839C13FE6239CC70539101075C3AD92A7',E'\\x0000000000000000000000000000000000008002',E'\\x0000000000000000000000000000000000000000000000000000000000000001',E'\\x01000013344FB47B40C38EDDB93142D381A1716CDB99A76ACA64B31A3F83C7E5',10,0
E'\\xE499632B8273A7E14B70CB53D633A028B56243B43F326ACEE6D75CF8AA665E98',E'\\x0000000000000000000000000000000000008002',E'\\x0000000000000000000000000000000000000000000000000000000000000006',E'\\x010000859ED3467FE4DA584E9D993F04D8DF6C1D1E078DB908CBAAC1B6B9D84A',11,0
E'\\x35CC470860885F9260B520584A90AE1242988B686B48B14D54F8887B95E17AA8',E'\\x0000000000000000000000000000000000008002',E'\\x0000000000000000000000000000000000000000000000000000000000000007',E'\\x010000BB45BE5491BFA96EAC012E6EDBCD393863C753DE44E1DDF364E490D2E5',12,0
E'\\x394AA1ED2546AC581D65CCDEF8B073CBD610098CAED9C2C62EE6EC2EE3FDCC70',E'\\x0000000000000000000000000000000000008002',E'\\x0000000000000000000000000000000000000000000000000000000000000008',E'\\x01000F1DF321417E6094BB72944163E3E3F6073C4A08723BCD75851A4AF87CD7',13,0
E'\\x3D0291AE8877887C7E267CC262C9C7975C27909EBB439533B0633C6E368C6031',E'\\x0000000000000000000000000000000000008002',E'\\x0000000000000000000000000000000000000000000000000000000000000100',E'\\x0100000F40B6E168450D59AAF4283E70C5A26DEB4B396A49E3A014B3F7433267',14,0
E'\\x9EF79E9E76D8D76546BAD5268CC2F520DEA7319786F875E19146687C95A5CFC7',E'\\x0000000000000000000000000000000000008002',E'\\x0000000000000000000000000000000000000000000000000000000000008012',E'\\x010000230498C3128F0F86BD5CEBBCE502948AE06B526559D7ED432312EA5673',15,0
E'\\x7082A5070A92DE301B251285CCF220D196B8996E73845228509C80D406B4BAEF',E'\\x0000000000000000000000000000000000008002',E'\\x000000000000000000000000000000000000000000000000000000000000800B',E'\\x010001A534CF6FB51ADC913F018346157C628E1E3DCE73D821193B9C677260E0',16,0
E'\\x8986D08EF891ABBD0F8412921E21CCF895DAAE7822A34D7BB584700089DCBE3A',E'\\x0000000000000000000000000000000000008002',E'\\x000000000000000000000000000000000000000000000000000000000000800D',E'\\x010000175F50060E9307A151FAC7759407ACD83EFF7B387DCE4E24814A09CB9F',17,0
E'\\xB00810E81D24A6CC8CAE172961D68DD4BE57BEC93B017F95C3C262D67EE56066',E'\\x0000000000000000000000000000000000008002',E'\\x000000000000000000000000000000000000000000000000000000000000800C',E'\\x0100076B02C0E679C0E83D070ED7F6FF5532C930B1B7748FB0566F1B36BFB79A',18,0
E'\\x3AD92953058551681510EBA9292E5E1C4482BE1E7BC77B36A745BDA8CB62AC26',E'\\x0000000000000000000000000000000000008002',E'\\x000000000000000000000000000000000000000000000000000000000000800E',E'\\x010001496B20D289682AD11151A3CD36E8A923C85BCC58DE7C3CFD5BD25F897F',19,0
E'\\x0B81FE4BED815BAF076BFA4A66398CC0D96615CBCC2447E9AF49643945CBF9CF',E'\\x0000000000000000000000000000000000008002',E'\\x000000000000000000000000000000000000000000000000000000000000800F',E'\\x0100004989CA64648AFADD5C4822E8118A5C0B11848196D69AD9EC53E4E51A22',20,0
E'\\xF703C2ABE67F32AFAD15F6055BAD876EC5F3510C7ED27CC0ADD665DA95B51F21',E'\\x0000000000000000000000000000000000008002',E'\\x0000000000000000000000000000000000000000000000000000000000000000',E'\\x01000007B277E41E5AB639F2B48118E5A319C4DB0B0A340C6D71446FFD2CE2CC',21,0
E'\\xEDCF8C1118026D665C4B7FD8DB9E74EB93860FA675B6173F359A56EC2F353041',E'\\x0000000000000000000000000000000000008002',E'\\x0000000000000000000000000000000000000000000000000000000000008001',E'\\x01000007B277E41E5AB639F2B48118E5A319C4DB0B0A340C6D71446FFD2CE2CC',22,0
E'\\x57AF11AF370395C4945BE586A1764477B8C521E7E11F0D70A048D1D69A04D745',E'\\x0000000000000000000000000000000000008002',E'\\x0000000000000000000000000000000000000000000000000000000000008011',E'\\x010000410C5303A6159D33AE6891B5132F6B1BC0381F981B5077188B67A42C1F',23,0
E'\\xE20DCCE82DB463D144F02AD62C3755B105AAD6158261F23D6F3DDC474FAB2323',E'\\x0000000000000000000000000000000000008002',E'\\x0000000000000000000000000000000000000000000000000000000000010000',E'\\x01000041F6BEDD74E707FBDBE34D8296ACF0222BA645924FDF02531BC2122EB0',24,0
E'\\x962E2453589440EBADA96B0321DFFFF0BF670AFE34BA4A828D3342E3F14ED2D9',E'\\x000000000000000000000000000000000000800B',E'\\x0000000000000000000000000000000000000000000000000000000000000000',E'\\x000000000000000000000000000000000000000000000000000000000000010E',25,0
E'\\xA74E5F2F3DA68DD923AAD9C0866929591B5E3ED4E4A5A9905940BFD1E419BDA0',E'\\x000000000000000000000000000000000000800B',E'\\x0000000000000000000000000000000000000000000000000000000000000003',E'\\x0000000000000000000000000000000000000000000000000004000000000000',26,0
E'\\xA7DEF33A18CBFDE84738024FE73C9DD5B78378B569F4352C80D7766971F31492',E'\\x000000000000000000000000000000000000800B',E'\\x0000000000000000000000000000000000000000000000000000000000000004',E'\\x0000000000000000000000000000000000000000000000000000000000008001',27,0
E'\\x21FB231957EC86BA97F8B9827B4A289A8E7C0C11A6A07CE08775AFF6DE1F9087',E'\\x000000000000000000000000000000000000800B',E'\\x0000000000000000000000000000000000000000000000000000000000000005',E'\\x0000000000000000000000000000000000000000000000000008E1BC9BF04000',28,0
E'\\xE3B55900B47094AEEACD61E7C918A46EB0590FC6B1EB2554751B224FD0B70359',E'\\x0000000000000000000000000000000000008004',E'\\x01000059C04F4ECC1ED23E31AB67883D9DFF1361999D3C81E430C0F483EB60D2',E'\\x0000000000000000000000000000000000000000000000000000000000000001',29,0
E'\\x00EA5CF113B87CECEBF3BB3632D721F5110625B63100873F00959D3C0C0C6953',E'\\x0000000000000000000000000000000000008004',E'\\x010000D37EEE65E48F78B3A13CB1275F4CFD544B89C9B37CD9639C4F2B10EF24',E'\\x0000000000000000000000000000000000000000000000000000000000000001',30,0
E'\\xF9BD060DECC84D3A5DA6B77DFD2A011A0838F024C6BF201E17BDBAD7161F00EC',E'\\x0000000000000000000000000000000000008004',E'\\x01000069E50493EE2AD3FEA7B10EF3A53773E26D87E32E8FDBFCFE0DE926C914',E'\\x0000000000000000000000000000000000000000000000000000000000000001',31,0
E'\\xB158D272CF9E6D90D494DA2FEE8D9549F161517432CC9CF7A1C5A71345CF4EC4',E'\\x0000000000000000000000000000000000008004',E'\\x01000035F23BA7D91B3191912012168AC3A69FCB8726F54D19559FAEC798494B',E'\\x0000000000000000000000000000000000000000000000000000000000000001',32,0
E'\\x26F42D135495AA47B64136ECF251C3A65A4C515E844641425DAE75ADBDF953A2',E'\\x0000000000000000000000000000000000008004',E'\\x01000455D9B8AAAF10834A1668DD9FEA9F9649010F4F73F43E848A6E3BCA7A42',E'\\x0000000000000000000000000000000000000000000000000000000000000001',33,0
E'\\xACA638CA980923B94717A91CC48A0020368116CB756F66CB3D9464344A3A6771',E'\\x0000000000000000000000000000000000008004',E'\\x010002774DB547957ECEFC324EF21A0924C035E4B4A18635F32E7F6F0CCED998',E'\\x0000000000000000000000000000000000000000000000000000000000000001',34,0
E'\\x36BBB33A21BA8A2F09928561C90416FB1FFFBABF988A9C7D098F21CF4B1D08EA',E'\\x0000000000000000000000000000000000008004',E'\\x0100005B80FEA460F866F332E63E156CC7D530E368A0CCEC3DEAF2F0F5064CEA',E'\\x0000000000000000000000000000000000000000000000000000000000000001',35,0
E'\\x4A5B85E1554E573F4EC42CCE6CA9424CAA7A42F7EF473AF3B844184ABED5B5D4',E'\\x0000000000000000000000000000000000008004',E'\\x010000F944D515550036966157F647ED03EC2077F85EC1094EF83773587D3877',E'\\x0000000000000000000000000000000000000000000000000000000000000001',36,0
E'\\x1C3FCE1DA4D858E1D11B444D8D83937F87EFC3125A7F342F3EE12304F397B097',E'\\x0000000000000000000000000000000000008004',E'\\x0100000F9C77DDF3E1BAEF9DF0C1A497858D24B0EA1CF76F04C9FE3F8B323098',E'\\x0000000000000000000000000000000000000000000000000000000000000001',37,0
E'\\x4953B7CE95C41F5BE5ACAA45001DA639B6F5FD854CDDB5FABD7634F48F8DF874',E'\\x0000000000000000000000000000000000008004',E'\\x010000172DD8B6099B59BC284647851340B609BCB9514FA1FAD85AA64DEDBBC1',E'\\x0000000000000000000000000000000000000000000000000000000000000001',38,0
E'\\xC055B2A0C5A252A6DB53DF4BC8A64B60C321A1E29FFB2A9C4B9E0C20FBDA446B',E'\\x0000000000000000000000000000000000008004',E'\\x01000013344FB47B40C38EDDB93142D381A1716CDB99A76ACA64B31A3F83C7E5',E'\\x0000000000000000000000000000000000000000000000000000000000000001',39,0
E'\\x5D1CBA6EFC2760D4BB53F02CE997CB7C0B0C1AF42DB4CED12B8543C3E261575C',E'\\x0000000000000000000000000000000000008004',E'\\x010000859ED3467FE4DA584E9D993F04D8DF6C1D1E078DB908CBAAC1B6B9D84A',E'\\x0000000000000000000000000000000000000000000000000000000000000001',40,0
E'\\xAD42D10509125DD1AAD3EC676C3E807E0452F8CA0EE6EF15F78CFAE44110F152',E'\\x0000000000000000000000000000000000008004',E'\\x010000BB45BE5491BFA96EAC012E6EDBCD393863C753DE44E1DDF364E490D2E5',E'\\x0000000000000000000000000000000000000000000000000000000000000001',41,0
E'\\x68BE94D8F78C75C263BC1F2CA735EC6082B282214A34679B4A31F89A154B59C1',E'\\x0000000000000000000000000000000000008004',E'\\x01000F1DF321417E6094BB72944163E3E3F6073C4A08723BCD75851A4AF87CD7',E'\\x0000000000000000000000000000000000000000000000000000000000000001',42,0
E'\\x9B223B9F8FD82958FF815CCC8CD52B26FA0DBF3682A07C689F1D9353186B84A8',E'\\x0000000000000000000000000000000000008004',E'\\x0100000F40B6E168450D59AAF4283E70C5A26DEB4B396A49E3A014B3F7433267',E'\\x0000000000000000000000000000000000000000000000000000000000000001',43,0
E'\\xAF701B528542C3308918EED4A76766D8816318BE3D96AC17049BD352C28E5D0D',E'\\x0000000000000000000000000000000000008004',E'\\x010000230498C3128F0F86BD5CEBBCE502948AE06B526559D7ED432312EA5673',E'\\x0000000000000000000000000000000000000000000000000000000000000001',44,0
E'\\xA20DC95A7F285581604215A9F0C41D2662AD276B2A35612CF297AF2A0DC93DA7',E'\\x0000000000000000000000000000000000008004',E'\\x010001A534CF6FB51ADC913F018346157C628E1E3DCE73D821193B9C677260E0',E'\\x0000000000000000000000000000000000000000000000000000000000000001',45,0
E'\\x895C1C3A3EBACBE63865EE428686E528DFCBEF58E311A7496C64F3FEBD29358B',E'\\x0000000000000000000000000000000000008004',E'\\x010000175F50060E9307A151FAC7759407ACD83EFF7B387DCE4E24814A09CB9F',E'\\x0000000000000000000000000000000000000000000000000000000000000001',46,0
E'\\xCBC62E22CCC3CB83D4092EADF9A22F4082C2B225917E586256CF2A379DF9D85A',E'\\x0000000000000000000000000000000000008004',E'\\x0100076B02C0E679C0E83D070ED7F6FF5532C930B1B7748FB0566F1B36BFB79A',E'\\x0000000000000000000000000000000000000000000000000000000000000001',47,0
E'\\x00DC9354E6878A5CF0DF42F7A783EC098279F95C45AD3913AAABBEA72FE3D23B',E'\\x0000000000000000000000000000000000008004',E'\\x010001496B20D289682AD11151A3CD36E8A923C85BCC58DE7C3CFD5BD25F897F',E'\\x0000000000000000000000000000000000000000000000000000000000000001',48,0
E'\\xBDB8C88E6961C767DB46DE34A2EBB49DA5108DD54E59BFC348E64729CF4D83C8',E'\\x0000000000000000000000000000000000008004',E'\\x0100004989CA64648AFADD5C4822E8118A5C0B11848196D69AD9EC53E4E51A22',E'\\x0000000000000000000000000000000000000000000000000000000000000001',49,0
E'\\xBE658498D16552A90962C6F30E9F6B2BEA6801C37B4F39015CF486E4E2D963FB',E'\\x0000000000000000000000000000000000008004',E'\\x01000007B277E41E5AB639F2B48118E5A319C4DB0B0A340C6D71446FFD2CE2CC',E'\\x0000000000000000000000000000000000000000000000000000000000000001',50,0
E'\\x78A3E91982316CF6E9EB1FB60D4E107E6E9C613E409A17DE86FEBEDE64F5671D',E'\\x0000000000000000000000000000000000008004',E'\\x010000410C5303A6159D33AE6891B5132F6B1BC0381F981B5077188B67A42C1F',E'\\x0000000000000000000000000000000000000000000000000000000000000001',51,0
E'\\xD91829EE04852A40A6DAABF0B46B40D4CA7905D847065019113926D72885E709',E'\\x0000000000000000000000000000000000008004',E'\\x01000041F6BEDD74E707FBDBE34D8296ACF0222BA645924FDF02531BC2122EB0',E'\\x0000000000000000000000000000000000000000000000000000000000000001',52,0
